,fit_time,score_time,test_accuracy,train_accuracy,test_precision,train_precision,test_recall,train_recall,test_f1,train_f1,model
0,0.0023099899291992186,0.1501889705657959,0.719906868451688,0.7497089639115251,0.7538997065683861,0.7713772087694937,0.8892982749026155,0.9118036681950812,0.8159440013277275,0.8357239717408247,KNN
1,0.26678056716918946,0.016596221923828126,0.6922002328288708,0.8084400465657741,0.8140054343755508,0.9176131077175554,0.7249048414023372,0.7972657704599138,0.7667915291369334,0.8531985908862344,Random Forest
2,1.1476537227630614,0.011034107208251953,0.7821277453433416,0.9280605996750921,0.8154159555525757,0.9176094061702585,0.8132554257095158,0.9405653397248853,0.7991978240506895,0.928944019260449,Gradient Boosting
3,0.25991148948669435,0.010000801086425782,0.7724598276341397,0.892382296888481,0.805920472481388,0.8779611382464934,0.8122576516416249,0.9113055092399611,0.7930123715717732,0.894309624602967,XGBoost
