model,fit_time,score_time,test_accuracy,train_accuracy,test_precision,train_precision,test_recall,train_recall,test_f1,train_f1
KNN,0.0028005599975585937,0.1645143985748291,0.7166472642607684,0.7362630966239814,0.7403531529544937,0.7510342958412242,0.9153016138007791,0.9308937751841044,0.8185493379115037,0.8313426759218437
Random Forest,0.27399659156799316,0.023002004623413085,0.6912689173457509,0.8097206053550641,0.8123674399745889,0.9134663336499379,0.7255765164162493,0.8035998680005557,0.7664511649312671,0.8549910321718753
Gradient Boosting,1.8788006782531739,0.01940631866455078,0.785129691409508,0.9306863985575708,0.8145781825874849,0.9203973139192424,0.8285982192543129,0.9428990898985689,0.8058934607824074,0.9315033610555105
XGBoost,0.22679448127746582,0.009600114822387696,0.778964553794829,0.8811283631151099,0.8088435385443044,0.8626784152102301,0.8246015581524764,0.9063870362651105,0.8011396222065841,0.8839717977459991
